2000s Preppy	Barbiecore
2000s Preppy	Basic Girl
2000s Preppy	Boujee
2000s Preppy	Bubblegum Bitch
2000s Preppy	High School Dream
2000s Preppy	Old Money
2000s Preppy	Preppy
2000s Preppy	Tweencore
Acid House	Club
Acid House	Gabber
Acid House	Hip-Hop
Acid House	Madchester
Acid House	New Beat
Acid House	Psychedelia
Acid House	Slimepunk
Adventurecore	Cabincore
Adventurecore	Campcore
Adventurecore	Cryptidcore
Adventurecore	Desert
Adventurecore	Goblincore
Adventurecore	Junglecore
Adventurecore	Naturecore
Afrofuturism	Androgynous
Afrofuturism	Art Hoe
Afrofuturism	Cyber Ghetto
Afrofuturism	Cyberpunk
Alien	Cryptidcore
Alien	Holosexual
Alien	Spacecore
Alien	Vaporwave
Alternative	Beatnik
Alternative	Emo
Alternative	Girl Crush
Alternative	Goth
Alternative	Grunge
Alternative	Indie
Alternative	Nu-Metal
Alternative	Punk
Americana	Cottagecore
Americana	Country
Americana	Flapper
Americana	Greaser
Americana	Minet
Americana	Paninaro
Americana	Prairie
Americana	Raggare
Americana	Rockabilly
Americana	Stilyagi
Americana	Western
Americana	Vintage Americana
Ancient Egypt	Hellenic
Ancient Egypt	Art Deco
Androgynous	Club Kids
Androgynous	Cybergoth
Androgynous	Deathrock
Androgynous	Glam Rock
Androgynous	Goth
Androgynous	Heroin Chic
Androgynous	Minet
Androgynous	New Romantic
Androgynous	Power Dressing
Androgynous	Succubus Chic
Androgynous	Tomboy
Androgynous	Trad Goth
Androgynous	Visual Kei
Angelcore	Baroque
Angelcore	Devilcore
Angelcore	Dreamy
Angelcore	Ethereal
Angelcore	Hellenic
Angelcore	Rococo
Angelcore	Babycore
Angelcore	Delicate Sweet
Angelcore	Lovecore
Angelcore	Goth
Angelcore	Devilcore
Angelcore	Dark Naturalism
Angelcore	Grunge
Angelcore	Baroque
Angura	Goth
Angura	Visual Kei
Animecore	E-Girl
Animecore	Goth Punk
Animecore	Kawaii
Animecore	Magical Girl
Animecore	Neko
Animecore	Weeaboo
Animecore	Yami Kawaii
Animecore	Yume Kawaii
Anti-Fashion	Club Kids
Anti-Fashion	Grunge
Anti-Fashion	Normcore
Anti-Fashion	Punk
Arcadecore	Animecore
Arcadecore	Casino
Arcadecore	Cuddle Party
Arcadecore	Cybergoth
Arcadecore	Cyberpunk
Arcadecore	Kidcore
Arcadecore	Mallgoth
Arcadecore	Scene
Arcadecore	Tweencore
Arcadecore	Vacation Dadcore
Arcadecore	Vaporwave
Arcadecore	Y2K Futurism
Art Deco	Decopunk
Art Deco	Dieselpunk
Art Deco	Flapper
Art Deco	Futurism
Art Deco	Nautical
Art Deco	New Look
Art Deco	Preppy
Art Hoe	Afrofuturism
Art Hoe	Cottagecore
Art Hoe	E-Boy
Art Hoe	Hippie
Art Hoe	Indie
Art Hoe	Indie Sleaze
Art Hoe	Normcore
Art Hoe	Picniccore
Art Hoe	Plant Mom
Art Hoe	VSCO Girl
Asian Baby Girl	Baddie
Asian Baby Girl	Femme Fatale
Asian Baby Girl	Sukeban
Asian Baby Girl	Boujee
Asian Baby Girl	Yabi
Atompunk	Cyberpunk
Atompunk	Decopunk
Atompunk	Dieselpunk
Atompunk	Nuclear
Atompunk	Punk
Avant Apocalypse	Fairy Grunge
Avant Apocalypse	Post-Apocalyptic
Avant Apocalypse	Y2K Futurism
Avant Basic	Dopamine
Avant Basic	Gen Z Maximalism
Avant Basic	Indie Kid
Avant Basic	Kidcore
Avant Basic	Psychedelia
Avant Basic	Vaporwave
Avant Basic	Y2K Futurism
B-Movie Horror	Devilcore
B-Movie Horror	Gorecore
B-Movie Horror	Halloween
B-Movie Horror	Vampire
Babycore	Babygirl
Babycore	Kawaii
Babycore	Kidcore
Babycore	Sanriocore
Babycore	Yume Kawaii
Babycore	Delicate Sweet
Babygirl	Babycore
Babygirl	Baddie
Babygirl	Bubblegum Bitch
Babygirl	Dolly Girl
Babygirl	E-Girl
Babygirl	Lovecore
Babygirl	Nymphet
Babygirl	Neko
Babygirl	Pastel Academia
Babygirl	Pastel Goth
Babygirl	Princesscore
Babygirl	Sanriocore
Babygirl	Slutcore
Babygirl	Trailer Park Princess
Baddie	Barbiecore
Baddie	Cherry Emoji Twitter
Baddie	Chonga
Baddie	Femme Fatale
Baddie	McBling
Baddie	Paty de SP
Baddie	Boujee
Baddie	Cherry Emoji Twitter
Baddie	Chic Modernist
Baddie	Femme Fatale
Ballet Academia	Balletcore
Ballet Academia	Dark Academia
Ballet Academia	Light Academia
Ballet Academia	Ethereal
Ballet Academia	Pink Parisian
Ballet Academia	Romantic Academia
Ballet Academia	Romantic Goth
Ballet Academia	Fairycore
Ballet Academia	Fantasy
Ballet Academia	Dark Fantasy
Balletcore	Ballet Academia
Balletcore	Cult Party Kei
Balletcore	Dollcore
Balletcore	French Girly
Balletcore	Larme Kei
Balletcore	Tenniscore
Barbiecore	Basic Girl
Barbiecore	Brazilian Bombshell
Barbiecore	Bubblegum Bitch
Barbiecore	Bubblegum Dance
Barbiecore	Coconut Girl
Barbiecore	Equestrian
Barbiecore	Holosexual
Barbiecore	Hyperpop
Barbiecore	Living Doll
Barbiecore	McBling
Barbiecore	Sanriocore
Barbiecore	Tenniscore
Baroque	Ethereal
Baroque	Kingcore
Baroque	Princesscore
Baroque	Queencore
Baroque	Rococo
Baroque	Royalcore
Baroque	Spanish Golden Age
Basic Girl	Barbiecore
Basic Girl	Normcore
Basic Girl	VSCO Girl
Beatnik	Bohemian
Beatnik	Dark Academia
Beatnik	Hippie
Beatnik	Hipster
Beatnik	Psychedelia
Berlin Techno Fashion	Bondage
Berlin Techno Fashion	Cyberpunk
Berlin Techno Fashion	Goth
Berlin Techno Fashion	Rivethead
Berlin Techno Fashion	Techwear
Black Ivy	Preppy
Black Ivy	Hip-Hop
Bleak Crush	Emo
Bleak Crush	Grunge
Bleak Crush	McBling
Bleak Crush	Urbancore
Bleak Crush	Swag
Bleak Crush	Y2K
Bleak Crush	Y2K Futurism
Bleak Crush	Alternative
Bloghouse	Alternative
Bloghouse	Club
Bloghouse	Emo
Bloghouse	Hipster
Bloghouse	Indie
Bloghouse	Indie Sleaze
Bloghouse	Juggalo
Bloghouse	New Rave
Bloghouse	Scene
Bloghouse	Tecktonik
Bloghouse	Y2K
Blokecore	Madchester
Blokecore	Paninaro
Blokecore	Tenniscore
Blokecore	Urbancore
Bodikon	Takenokozoku
Bodikon	Club
Bodikon	Gyaru
Bodikon	Kogal
Bohemian	Alternative
Bohemian	Beatnik
Bohemian	Cottagecore
Bohemian	Ethnic Chic
Bohemian	Granola
Bohemian	Hippie
Bohemian	Rustic
Bohemian	Safari
Bondage	Babygirl
Bondage	E-Boy
Bondage	E-Girl
Bondage	Goth
Bondage	New Beat
Bondage	Pin-up
Bondage	Raxet
Bondage	Rivethead
Bondage	Succubus Chic
Bosozoku	Yanki
Bosozoku	Sukeban
Boujee	Baddie
Boujee	Casino
Boujee	Chic Modernist
Boujee	Clean Girl
Boujee	Corporate
Boujee	Femme Fatale
Boujee	Mob Wife
Boujee	Pink Parisian
Brazilian Bombshell	Barbiecore
Brazilian Bombshell	Brazilian Carnival
Brazilian Bombshell	Heroin Chic
Brazilian Bombshell	McBling
Brazilian Bombshell	Slavic Doll
Brazilian Bombshell	Tropical
Brazilian Bombshell	Y2K
Brazilian Carnival	Brazilian Bombshell
Brazilian Carnival	Mandrake
Brazilian Carnival	Manguebeat
Bubblegum Bitch	Baddie
Bubblegum Bitch	Barbiecore
Bubblegum Bitch	Cherry Emoji Twitter
Bubblegum Bitch	Femme Fatale
Bubblegum Bitch	McBling
Bubblegum Dance	Barbiecore
Bubblegum Dance	Kidcore
Bubblegum Dance	Y2K Futurism
Bubblegum Witch	Baddie
Bubblegum Witch	Bubblegum Bitch
Bubblegum Witch	Kawaii
Bubblegum Witch	Pastel Academia
Bubblegum Witch	Yume Kawaii
Bubblegum Witch	Pastel Goth
Bubblegum Witch	Fairycore
Buckle Bunny	Western
Buckle Bunny	Country
Buckle Bunny	Prairie
Buckle Bunny	Trailer Park Princess
Burlesque	Clowncore
Burlesque	Glam Rock
Burlesque	Old Hollywood
Burlesque	Pin-up
Burlesque	Rockabilly
Burlesque	Spanish Golden Age
Burlesque	Victorian
Cabincore	Adventurecore
Cabincore	Campcore
Cabincore	Comfy/Cozy
Cabincore	Cottagecore
Cabincore	Dark Academia
Cabincore	Northerness
Cabincore	Goblincore
Cabincore	Naturecore
Campcore	Cabincore
Campcore	Adventurecore
Campcore	Comfy/Cozy
Campcore	Naturecore
Casino	Boujee
Casino	McBling
Casino	Vacation Dadcore
Cayetana	Bon Chic, Bon Genre
Cayetana	Boujee
Cayetana	Chic Modernist
Cayetana	Clean Girl
Cayetana	Milipili
Cayetana	Old Money
Cayetana	Pijo
Cayetana	Preppy
Cayetana	Sloanie
Cayetana	TikTok Preppy
Chaotic Academia	Dark Academia
Chaotic Academia	Light Academia
Chav	Baddie
Chav	Chonga
Chav	McBling
Chav	Raxet
Cherry Emoji Twitter	Baddie
Cherry Emoji Twitter	Bubblegum Bitch
Cherry Emoji Twitter	Femme Fatale
Cherry Emoji Twitter	Lovecore
Cherry Emoji Twitter	McBling
Cherry Emoji Twitter	Nymphet
Cherry Emoji Twitter	Rockabilly
Cherry Emoji Twitter	Tomato Girl Summer
Chic Modernist	Beatnik
Chic Modernist	Bon Chic, Bon Genre
Chic Modernist	Boujee
Chic Modernist	Cayetana
Chic Modernist	Corporate
Chic Modernist	Dark Academia
Chic Modernist	Indie
Chic Modernist	Light Academia
Chic Modernist	Pijo
Chic Modernist	Pink Parisian
Chic Modernist	Power Dressing
Chic Modernist	Preppy
Chinoiserie	Rococo
Cholo	Baddie
Cholo	Chonga
Cholo	Gangsta Rap
Cholo	Hip-Hop
Cholo	Pachuco
Chonga	Cholo
Chonga	Gangsta Rap
Chonga	Hip-Hop
Chonga	McBling
Christian Girl Autumn	Basic Girl
Christian Girl Autumn	Cinnamon Girl
Christian Girl Autumn	Tomato Girl Summer
Chunyu	Asian Baby Girl
Cinnamon Girl	Stargirl
Cinnamon Girl	Downtown Girl
Classic Lolita	Lolita
Classic Lolita	Mori Kei
Classic Lolita	Prairie
Classic Lolita	Victorian
Clean Girl	Pink Pilates Princess
Clean Girl	Scandi Girl Winter
Clean Girl	That Girl
Cleancore	Babycore
Cleancore	Kawaii
Cleancore	Kidcore
Cleancore	Vacation Dadcore
Cleancore	Vaporwave
Clowncore	Burlesque
Clowncore	Juggalo
Clowncore	Kidcore
Clowncore	Scene
Clowncore	Decora
Clowncore	Visual Kei
Club Kids	Androgynous
Club Kids	Anti-Fashion
Club Kids	Club
Club Kids	Cyberpunk
Club Kids	Cybergoth
Club Kids	New Romantic
Club Kids	Scene
Club	Acid House
Club	Bloghouse
Club	Boujee
Club	Bubblegum Dance
Club	Casino
Club	Club Kids
Club	Gabber
Club	Glam Rock
Club	Goth
Club	Hip-Hop
Club	Krocha
Club	New Beat
Club	New Romantic
Club	Punk
Club	Urbancore
Coconut Girl	Americana
Coconut Girl	Barbiecore
Coconut Girl	Gyaru
Coconut Girl	Manba
Coconut Girl	McBling
Coconut Girl	Nymphet
Coconut Girl	Surf Crush
Coconut Girl	Tropical
Coconut Girl	Tweencore
Coconut Girl	Vacation Dadcore
Coffee House	Comfy/Cozy
Coffee House	Dark Academia
Coffee House	Light Academia
Coffee House	Indie
Communist Chic	Nazi Chic
Communist Chic	Punk
Communist Chic	Winter Fairy Coquette
Corporate	Boujee
Corporate	Chic Modernist
Corporate	Cyberprep
Corporate	Flat Design
Corporate	Metrosexual
Corporate	Power Dressing
Corporate	Vaporwave
Cottagecore	Cabincore
Cottagecore	Country
Cottagecore	Ethereal
Cottagecore	Fairycore
Cottagecore	Grandparentcore
Cottagecore	Hellenic
Cottagecore	Hippie
Cottagecore	Mori Kei
Cottagecore	Naturecore
Cottagecore	Plant Mom
Cottagecore	Prairie
Cottagecore	Rococo
Cottagecore	Too Cool
Country	Americana
Country	Cottagecore
Country	Equestrian
Country	Western
Cozy Childhood Hideaway	Campcore
Cozy Childhood Hideaway	Comfy/Cozy
Cozy Childhood Hideaway	Kidcore
Crustpunk	Punk
Crustpunk	Grunge
Cryptidcore	Alien
Cryptidcore	Goblincore
Cryptidcore	Adventurecore
Cryptidcore	Cabincore
Cryptidcore	Deathrock
Cryptidcore	Goth
Cryptidcore	Trad Goth
Cuddle Party	Arcadecore
Cuddle Party	Comfy/Cozy
Cuddle Party	High School Dream
Cuddle Party	Kidcore
Cuddle Party	Skater
Cult Party Kei	Balletcore
Cult Party Kei	Delicate Sweet
Cult Party Kei	Dolly Kei
Cult Party Kei	Fairy Kei
Cult Party Kei	Mori Kei
Cult Party Kei	Yume Kawaii
Cyber Doll	Dollcore
Cyber Doll	E-Girl
Cyber Doll	Jirai Kei
Cyber Doll	Kogal
Cyber Doll	Living Doll
Cyber Ghetto	Afrofuturism
Cyber Ghetto	Alien
Cyber Ghetto	Baddie
Cyber Ghetto	Cyberpunk
Cyber Ghetto	E-Girl
Cyber Ghetto	Grunge
Cyber Ghetto	Health Goth
Cyber Ghetto	Hip-Hop
Cyber Ghetto	Holosexual
Cyber Ghetto	Kawaii
Cyber Ghetto	Seapunk
Cyber Ghetto	Vaporwave
Cyber Ghetto	Y2K Futurism
Cyber Grunge	Fairy Grunge
Cyber Grunge	Gen X Soft Club
Cyber Grunge	Goblincore
Cyber Grunge	Grunge
Cyber Grunge	Mallgoth
Cyber Grunge	Opium
Cyber Grunge	Stargirl
Cyber Grunge	Twilightcore
Cyber Grunge	Urbancore
Cyber Grunge	Y2K Futurism
Cybergoth	Cyberpop
Cybergoth	Cyberpunk
Cybergoth	Gabber
Cybergoth	Goth
Cybergoth	Kandi Raver
Cybergoth	Post-Apocalyptic
Cybergoth	Rivethead
Cybergoth	Techwear
Cyberpop	Club Kids
Cyberpop	Cybergoth
Cyberpop	Cyberprep
Cyberpop	Cyberpunk
Cyberpop	Decora
Cyberpop	Harajuku Fashion
Cyberpop	Kandi Raver
Cyberpop	Shibuya Punk
Cyberpop	Y2K Futurism
Cyberprep	Corporate
Cyberprep	Cyberpop
Cyberprep	Cyberpunk
Cyberprep	Flat Design
Cyberprep	Preppy
Cyberprep	Y2K Futurism
Cyberpunk	Afrofuturism
Cyberpunk	Animecore
Cyberpunk	Atompunk
Cyberpunk	Cyber Ghetto
Cyberpunk	Cybergoth
Cyberpunk	Cyber Grunge
Cyberpunk	Cyberpop
Cyberpunk	Cyberprep
Cyberpunk	Decopunk
Cyberpunk	Dieselpunk
Cyberpunk	Flat Design
Cyberpunk	Futurism
Cyberpunk	Lunarpunk
Cyberpunk	New Romantic
Cyberpunk	Post-Apocalyptic
Cyberpunk	Punk
Cyberpunk	Racing
Cyberpunk	Steampunk
Cyberpunk	Techwear
Cyberpunk	Vaporwave
Cyberpunk	Y2K Futurism
Cybersigilism	Club
Cybersigilism	Cyber Grunge
Cybersigilism	Cyberpunk
Cybersigilism	Metal
Cybersigilism	Y2K Futurism
Dandy	Boystyle
Dandy	Hipster
Dandy	La Sape
Dandy	Metrosexual
Dandy	Minet
Dandy	Pijo
Dandy	Preppy
Dandy	Regency
Dandy	Stilyagi
Dandy	Swenkas
Dandy	Victorian
Dark Academia	Alternative
Dark Academia	Androgynous
Dark Academia	Beatnik
Dark Academia	Chaotic Academia
Dark Academia	Indie
Dark Academia	Light Academia
Dark Academia	Maillard Style
Dark Academia	Mod
Dark Academia	Old Money
Dark Academia	Pastel Academia
Dark Academia	Preppy
Dark Academia	Romantic Academia
Dark Academia	Victorian
Dark Fantasy	Fantasy
Dark Fantasy	Dark Academia
Dark Fantasy	Goth
Dark Fantasy	Romantic Goth
Dark Fantasy	Pirate
Dark Fantasy	Vampire
Dark Fantasy	Strega
Dark Naturalism	Cabincore
Dark Naturalism	Dark Academia
Dark Naturalism	Ethereal
Dark Naturalism	Naturecore
Dark Nautical	Cottagecore
Dark Nautical	Nautical
Dark Nautical	Pirate
Dead Inside	Animecore
Dead Inside	E-Boy
Dead Inside	Emo
Dead Inside	Goth
Dead Inside	Hyperpop
Deathrock	B-Movie Horror
Deathrock	Cryptidcore
Deathrock	Glam Rock
Deathrock	Goth
Deathrock	La Movida
Deathrock	New Romantic
Deathrock	Punk
Deathrock	Strega
Deathrock	Trad Goth
Decopunk	Art Deco
Decopunk	Atompunk
Decopunk	Dieselpunk
Decopunk	Steampunk
Decora	Cyberpop
Decora	Dopamine
Decora	Fairy Kei
Decora	Harajuku Fashion
Decora	Kandi Raver
Decora	Kidcore
Decora	Oshare Kei
Decora	Poppare
Decora	Yabi
Delicate Sweet	Angelcore
Delicate Sweet	Cult Party Kei
Delicate Sweet	Yume Kawaii
Delicate Sweet	Babycore
Delicate Sweet	Grandparentcore
Delicate Sweet	Larme Kei
Delicate Sweet	Rococo
Delicate Sweet	Classic Lolita
Delicate Sweet	Mori Kei
Delicate Sweet	Ethereal
Delicate Sweet	Romantic Academia
Desert	Adventurecore
Desert	Americana
Desert	Ancient Egypt
Desert	Prairie
Desert	Safari
Desert	Western
Devilcore	Angelcore
Devilcore	Casino
Devilcore	Gorecore
Devilcore	Goth
Devilcore	Opium
Devilcore	Punk
Devilcore	Succubus Chic
Dieselpunk	Art Deco
Dieselpunk	Atompunk
Dieselpunk	Cyberpunk
Dieselpunk	Decopunk
Dieselpunk	Electro Swing
Dieselpunk	Flat Design
Dieselpunk	Futurism
Dieselpunk	Post-Apocalyptic
Dieselpunk	Punk
Dieselpunk	Steampunk
Dionysism	Club
Dionysism	Cuddle Party
Dionysism	Devilcore
Dionysism	Hellenic
Dionysism	Lovecore
Dionysism	McBling
Dollcore	Balletcore
Dollcore	Cyber Doll
Dollcore	Girly Kei
Dollcore	Kawaii
Dollcore	Larme Kei
Dollcore	Lolita
Dolly Girl	Babygirl
Dolly Girl	Living Doll
Dolly Girl	Mod
Dolly Girl	Rockabilly
Dolly Girl	Twee
Dolly Girl	Yé-yé
Dolly Kei	Cult Party Kei
Dolly Kei	Mori Kei
Dolly Kei	Cottagecore
Dopamine	Decora
Dopamine	Gen Z Maximalism
Dopamine	Grocery Girl Fall
Dopamine	Indie Kid
Dopamine	Kidcore
Dopamine	Maillard Style
Dopamine	Vaporwave
Downtown Girl	Dark Academia
Downtown Girl	Twilightcore
Dreamy	Angelcore
Dreamy	Comfy/Cozy
Dreamy	Cuddle Party
Dreamy	Ethereal
Dreamy	Holosexual
Dreamy	Mizuiro
Dreamy	Spacecore
Dreamy	Vaporwave
Dreamy	Yume Kawaii
E-Boy	Animecore
E-Boy	Art Hoe
E-Boy	Dead Inside
E-Boy	E-Girl
E-Boy	Emo
E-Boy	Geek
E-Boy	Mallgoth
E-Boy	Grunge
E-Boy	Nu-Metal
E-Boy	Pastel Goth
E-Boy	Scene
E-Boy	Surf Crush
E-Boy	VSCO Girl
E-Girl	Animecore
E-Girl	Babygirl
E-Girl	Cyber Doll
E-Girl	E-Boy
E-Girl	Emo
E-Girl	Geek
E-Girl	Girl Crush
E-Girl	Kuromicore
E-Girl	Mallgoth
E-Girl	Nu-Goth
E-Girl	Nu-Metal
E-Girl	Pastel Goth
E-Girl	PEEPS
E-Girl	Scene
E-Girl	Sanriocore
E-Girl	Soft Grunge
E-Girl	Succubus Chic
E-Girl	Yabi
Eclectic Grandpa	Blokecore
Eclectic Grandpa	Dark Academia
Eclectic Grandpa	Grandparentcore
Eclectic Grandpa	Normcore
Electro Swing	Flapper
Electro Swing	New Beat
Electropop 08	Hyperpop
Electropop 08	Indie Sleaze
Electropop 08	McBling
Electropop 08	McBling
Electropop 08	Memphis Lite
Electropop 08	Shibuya Punk
Electropop 08	Y2K Futurism
Emo	E-Boy
Emo	E-Girl
Emo	Goth
Emo	Goth Punk
Emo	Grunge
Emo	Nu-Metal
Emo	Pokemón
Emo	Punk
Emo	Scene
Emo	Tecktonik
Emo	Teenpunk
Equestrian	Country
Equestrian	Racing
Equestrian	Western
Ethereal	Angelcore
Ethereal	Baroque
Ethereal	Fairycore
Ethereal	Princesscore
Ethereal	Royalcore
Ethereal	Lolita
Ethereal	Dreamy
Ethereal	Rococo
Ethereal	Mori Kei
Ethnic Chic	Art Hoe
Ethnic Chic	Bohemian
Ethnic Chic	Hippie
Ethnic Chic	Rustic
Ethnic Chic	Safari
Fairy Grunge	Cyber Grunge
Fairy Grunge	Fairycore
Fairy Grunge	Goblincore
Fairy Grunge	Grunge
Fairy Grunge	Kinderwhore
Fairy Grunge	Mori Kei
Fairy Grunge	Strega
Fairy Grunge	Winter Fairy Coquette
Fairy Grunge	Twilightcore
Fairy Grunge	Female Horror Game Protagonist Fashion
Fairy Grunge	FantasY2K
Fairy Kei	Harajuku Fashion
Fairy Kei	Yume Kawaii
Fairy Kei	Kawaii
Fairy Kei	Decora
Fairy Kei	Cult Party Kei
Fairy Kei	Poppare
Fairycore	Cottagecore
Fairycore	Ethereal
Fairycore	Fantasy
Fairycore	Goblincore
Fairycore	Mori Kei
Fairycore	Naturecore
Fairycore	Nymphet
Fairycore	Plant Mom
Fairycore	Princesscore
Fairycore	Strega
Fairycore	Romantic Academia
Fairycore	Ballet Academia
Fairycore	Fairy Grunge
Fairycore	FantasY2K
Fantasy Astronomy	Spacecore
Fantasy Astronomy	Wizardcore
Fantasy	Adventurecore
Fantasy	Animecore
Fantasy	Dark Fantasy
Fantasy	Knightcore
Fantasy	Wizardcore
FantasY2K	Bohemian
FantasY2K	Cottagecore
FantasY2K	Ethereal
FantasY2K	Fairycore
FantasY2K	Fairy Grunge
FantasY2K	Fantasy
FantasY2K	Kinderwhore
FantasY2K	Twilightcore
FantasY2K	Y2K
Fashioncore	Emo
Fashioncore	Mallgoth
Fashioncore	Metal
Fashioncore	Punk
Fashioncore	Scene
Fashioncore	Visual Kei
Female Horror Game Protagonist Fashion	Grunge
Female Horror Game Protagonist Fashion	Fairy Grunge
Female Horror Game Protagonist Fashion	Kawaii
Femme Fatale	Baddie
Femme Fatale	Boujee
Femme Fatale	Bubblegum Bitch
Femme Fatale	Cherry Emoji Twitter
Femme Fatale	Mob Wife
Femme Fatale	Succubus Chic
Femme Fatale	Italian Mafia
Femme Fatale	Old Hollywood
Femme Fatale	Pin-up
Fisherman	Dark Nautical
Fisherman	Eclectic Grandpa
Fisherman	Nautical
Flamenco	Tango
Flapper	Americana
Flapper	Art Deco
Flapper	Electro Swing
Flapper	Old Hollywood
Flapper	Yé-yé
Flat Design	Corporate
Flat Design	Cyberprep
Flat Design	Cyberpunk
Flat Design	Y2K Futurism
Flat Design	Gen X Soft Club
Frazzled English Woman	Clean Girl
Frazzled English Woman	Cottagecore
Frazzled English Woman	Fisherman
Frazzled English Woman	Indie Sleaze
Frazzled English Woman	Whimsy Twee
Frazzled English Woman	Y2K
French Girly	Balletcore
French Girly	Larme Kei
French Girly	Pink Paris Design
French Girly	Pink Parisian
French Girly	Rococo
French Girly	Jirai Kei
French It Girl	Chic Modernist
French It Girl	Indie
French It Girl	Yé-yé
Furry	Animecore
Furry	Juggalo
Furry	Kidcore
Furry	Neko
Furry	Pastel Gore
Furry	Scene
Futurism	Afrofuturism
Futurism	Art Deco
Futurism	Cyberprep
Futurism	Cyberpunk
Gabber	Acid House
Gabber	Club
Gabber	Cybergoth
Gabber	Krocha
Gabber	New Beat
Gabber	New Rave
Gabber	Rivethead
Gabber	Ruta Destroy
Gabber	Skinhead
Gabber	Tecktonik
Gabber	Urbancore
Gangsta Rap	Chav
Gangsta Rap	Chonga
Gangsta Rap	Hip-Hop
Gangsta Rap	Urbancore
Geek	Animecore
Geek	Fantasy
Geek	Nerd
Gen X Soft Club	Alternative
Gen X Soft Club	Flat Design
Gen X Soft Club	Grunge
Gen X Soft Club	Holosexual
Gen X Soft Club	Milipili
Gen X Soft Club	Shibuya Punk
Gen X Soft Club	Urbancore
Gen X Soft Club	Y2K Futurism
Gen Z Maximalism	Avant Basic
Gen Z Maximalism	Decora
Gen Z Maximalism	Dopamine
Gen Z Maximalism	Grocery Girl Fall
Gen Z Maximalism	Kidcore
Gen Z Maximalism	Scene
Girl Crush	Hallyu
Girl Crush	Hip-Hop
Girl Crush	Punk
Girl Crush	Techwear
Girl Crush	Tomboy
Girly Kei	Dollcore
Girly Kei	French Girly
Girly Kei	Gyaru
Girly Kei	Jirai Kei
Girly Kei	Kawaii
Girly Kei	Kuromicore
Girly Kei	Larme Kei
Girly Kei	Lolita
Girly Kei	Mote Kei
Glam Rock	Alternative
Glam Rock	Androgynous
Glam Rock	Burlesque
Glam Rock	Deathrock
Glam Rock	Goth
Glam Rock	Hair Metal
Glam Rock	Metal
Glam Rock	New Romantic
Glam Rock	Punk
Glam Rock	Scene
Glam Rock	Trad Goth
Glam Rock	Vaporwave
Glam Rock	Visual Kei
Goblincore	Adventurecore
Goblincore	Cottagecore
Goblincore	Green Academia
Goblincore	Naturecore
Gorecore	Devilcore
Gorecore	Goth Punk
Gorecore	Gurokawa
Gorecore	Pastel Gore
Gorecore	Vampire
Gorpcore	Cabincore
Gorpcore	Cottagecore
Gorpcore	Naturecore
Gorpcore	Normcore
Gorpcore	Techwear
Goth Punk	Animecore
Goth Punk	Emo
Goth Punk	Goth
Goth Punk	PEEPS
Goth Punk	Punk
Goth Punk	Visual Kei
Goth	Cybergoth
Goth	Deathrock
Goth	Emo
Goth	Glam Rock
Goth	Goth Punk
Goth	La Movida
Goth	New Beat
Goth	New Romantic
Goth	Nu-Goth
Goth	No Wave
Goth	Romantic Goth
Goth	Strega
Goth	Succubus Chic
Goth	Trad Goth
Goth	Vampire
Gothic Lolita	Classic Lolita
Gothic Lolita	Goth
Gothic Lolita	Lolita
Gothic Lolita	Romantic Goth
Gothic Lolita	Strega
Gothic Lolita	Sweet Lolita
Gothic Lolita	Trad Goth
Gothic Lolita	Victorian
Gothic Lolita	Victorian Goth
Gothic Lolita	Visual Kei
Grandparentcore	Cottagecore
Grandparentcore	Maillard Style
Grandparentcore	Eclectic Grandpa
Granola	Adventurecore
Granola	Bohemian
Granola	Campcore
Granola	Cottagecore
Granola	Hippie
Granola	Naturecore
Granola	VSCO Girl
Greaser	Americana
Greaser	Flapper
Greaser	Old Hollywood
Greaser	Punk
Greaser	Rockabilly
Green Academia	Campcore
Green Academia	Dark Academia
Green Academia	Light Academia
Green Academia	Naturecore
Green Academia	Plant Mom
Grocery Girl Fall	Cottagecore
Grocery Girl Fall	Dopamine
Grocery Girl Fall	Gen Z Maximalism
Grocery Girl Fall	Kidcore
Grocery Girl Fall	Maillard Style
Grocery Girl Fall	Tomato Girl Summer
Grocery Girl Fall	Trinketcore
Grunge	Alternative
Grunge	Cyber Grunge
Grunge	Fairy Grunge
Grunge	Heroin Chic
Grunge	Indie
Grunge	Kinderwhore
Grunge	Metal
Grunge	Nu-Metal
Grunge	Punk
Grunge	Soft Grunge
Grunge	Urbancore
Guochao	Neo-Chinese Style
Guochao	Too Cool
Gurokawa	Decora
Gurokawa	Halloween
Gurokawa	Pastel Gore
Gurokawa	Pastel Goth
Gurokawa	Yami Kawaii
Gyaru	Bodikon
Gyaru	Girly Kei
Gyaru	Himekaji
Gyaru	Kogal
Gyaru	Krocha
Gyaru	Manba
Gyaru	McBling
Gyaru	PEEPS
Gyaru	Sukeban
Gyaru	Bosozoku
Hair Metal	Glam Rock
Hair Metal	Metal
Hair Metal	Punk
Hair Metal	Scene
Hair Metal	Visual Kei
Halloween	Gurokawa
Halloween	Kidcore
Halloween	Vampire
Hallyu	Androgynous
Hallyu	Girl Crush
Hallyu	New Romantic
Hallyu	Babygirl
Happy Rock	Scene
Happy Rock	Emo
Happy Rock	Pokemón
Harajuku Fashion	Alternative
Harajuku Fashion	Cult Party Kei
Harajuku Fashion	Cyberpop
Harajuku Fashion	Decora
Harajuku Fashion	Fairy Kei
Harajuku Fashion	Goth
Harajuku Fashion	Kawaii
Harajuku Fashion	Lolita
Harajuku Fashion	Oshare Kei
Harajuku Fashion	Sanriocore
Harajuku Fashion	Shibuya Punk
Harajuku Fashion	Takenokozoku
Harajuku Fashion	Too Cool
Harajuku Fashion	Urbancore
Harajuku Fashion	Visual Kei
Harajuku Fashion	Yami Kawaii
Health Goth	Goth
Health Goth	Gorpcore
Hellenic	Angelcore
Hellenic	Dionysism
Hellenic	Lovecore
Heroin Chic	Androgynous
Heroin Chic	Grunge
Heroin Chic	Kinderwhore
Heroin Chic	Pastel Grunge
Heroin Chic	Slavic Doll
Heroin Chic	Succubus Chic
High School Dream	Americana
High School Dream	Emo
High School Dream	Geek
High School Dream	Goth
High School Dream	Nerd
High School Dream	Normcore
High School Dream	Nu-Metal
High School Dream	Punk
High School Dream	TikTok Preppy
Hime Lolita	Classic Lolita
Hime Lolita	Lolita
Hime Lolita	Princesscore
Hime Lolita	Queencore
Hime Lolita	Royalcore
Hime Lolita	Sweet Lolita
Himekaji	Gyaru
Himekaji	Kawaii
Himekaji	Living Doll
Himekaji	Princesscore
Hip-Hop	Electropop 08
Hip-Hop	Shibuya Punk
Hip-Hop	Urbancore
Hippie	Afrofuturism
Hippie	Art Hoe
Hippie	Beatnik
Hippie	Grunge
Hippie	Kandi Raver
Hippie	Lovecore
Hippie	Punk
Hippie	Psychedelia
Hippie	Americana
Hippie	Yabi
Hippie	Yé-yé
Hipster	Beatnik
Hipster	Bloghouse
Hipster	Dandy
Hipster	Indie
Hipster	Electropop 08
Hipster	Emo
Hipster	Indie Sleaze
Hipster	Nerd
Hipster	Normcore
Hipster	Nu-Goth
Hipster	Scene
Hipster	Stilyagi
Hipster	Yabi
Holosexual	Baddie
Holosexual	Grunge
Holosexual	Seapunk
Holosexual	Vaporwave
Holosexual	Y2K Futurism
Hypebeast	Hip-Hop
Hypebeast	Urbancore
Hypebeast	Paninaro
Hypebeast	Swag
Hypebeast	Techwear
Hyperpop	Animecore
Hyperpop	Baddie
Hyperpop	Dead Inside
Hyperpop	E-Boy
Hyperpop	E-Girl
Hyperpop	Electropop 08
Hyperpop	McBling
Hyperpop	Seapunk
Hyperpop	Scene
Hyperpop	Slimepunk
Hyperpop	Vaporwave
Hyperpop	Y2K Futurism
Indie Kid	Avant Basic
Indie Kid	Cuddle Party
Indie Kid	Dreamy
Indie Kid	Kidcore
Indie Kid	Plant Mom
Indie Kid	Skater
Indie Kid	Vaporwave
Indie Sleaze	Art Hoe
Indie Sleaze	Bloghouse
Indie Sleaze	Electropop 08
Indie Sleaze	Grunge
Indie Sleaze	Hipster
Indie Sleaze	Indie
Indie Sleaze	McBling
Indie Sleaze	Milipili
Indie Sleaze	New Rave
Indie Sleaze	Succubus Chic
Indie Sleaze	Surf Crush
Indie Sleaze	Swag
Indie Sleaze	VSCO Girl
Indie	Bloghouse
Indie	Indie Kid
Indie	Indie Sleaze
Indie	Dark Academia
Indie	Light Academia
Indie	Romantic Academia
Indie	Alternative
Indie	Cuddle Party
Indie	Dreamy
Indie	Grunge
Indie	Madchester
Indie	New Rave
Indie	Poppare
Indie	Skater
Indie	Twee
Indie	Vaporwave
Italian Mafia	Boujee
Italian Mafia	Casino
Italian Mafia	Club
Italian Mafia	Femme Fatale
Italian Mafia	Mob Wife
Italian Mafia	Yakuza
Jejemon	Emo
Jejemon	Krocha
Jejemon	Pokemón
Jejemon	Scene
Jejemon	Shamate
Jejemon	Swag
Jejemon	Hip-Hop
Jejemon	Hipster
Jirai Kei	Animecore
Jirai Kei	Cyber Doll
Jirai Kei	E-Girl
Jirai Kei	Girly Kei
Jirai Kei	Kawaii
Jirai Kei	Kuromicore
Jirai Kei	Larme Kei
Jirai Kei	PEEPS
Jirai Kei	Sanriocore
Jirai Kei	Vampire
Jirai Kei	Yami Kawaii
Jojifuku	Fairy Kei
Jojifuku	Kidcore
Jojifuku	Yume Kawaii
Juggalo	Bloghouse
Juggalo	Clowncore
Juggalo	Furry
Juggalo	Hip-Hop
Juggalo	Nu-Metal
Junglecore	Tropical
Junglecore	Naturecore
Junglecore	Adventurecore
Junglecore	Bohemian
Junglecore	Paleocore
Kandi Raver	Cybergoth
Kandi Raver	Cyberpop
Kandi Raver	Decora
Kandi Raver	Hippie
Kandi Raver	Kidcore
Kandi Raver	Scene
Karasu Zoku	Nu-Goth
Karasu Zoku	Goth
Kawaii	Animecore
Kawaii	Dollcore
Kawaii	Decora
Kawaii	Fairy Kei
Kawaii	Gurokawa
Kawaii	Harajuku Fashion
Kawaii	Jojifuku
Kawaii	Kuromicore
Kawaii	Living Doll
Kawaii	Lolita
Kawaii	Mizuiro
Kawaii	Pastel Goth
Kawaii	Sanriocore
Kawaii	Sweet Lolita
Kawaii	Yami Kawaii
Kawaii	Yume Kawaii
Kidcore	Arcadecore
Kidcore	Bubblegum Dance
Kidcore	Clowncore
Kidcore	Decora
Kidcore	Dopamine
Kidcore	Fairy Kei
Kidcore	Indie Kid
Kidcore	Sanriocore
Kidcore	Tweencore
Kinderwhore	Grunge
Kinderwhore	Heroin Chic
Kinderwhore	Nymphet
Kinderwhore	Punk
Kinderwhore	Trailer Park Princess
Kinderwhore	Yami Kawaii
Kingcore	Knightcore
Kingcore	Princesscore
Kingcore	Queencore
Kingcore	Royalcore
Kingcore	Lolita
Kingcore	Ballet Academia
Kingcore	Fantasy
Kingcore	New Romantic
Kingcore	Fairycore
Kingcore	Strega
Knightcore	Kingcore
Knightcore	Princesscore
Knightcore	Queencore
Knightcore	Royalcore
Kogal	Bodikon
Kogal	Cyber Doll
Kogal	Gyaru
Kogal	High School Dream
Kogal	Kawaii
Kogal	Yabi
Krocha	Bloghouse
Krocha	Club
Krocha	Gabber
Krocha	Gyaru
Krocha	Scene
Krocha	Tecktonik
Kuromicore	Animecore
Kuromicore	E-Girl
Kuromicore	Kawaii
Kuromicore	Jirai Kei
Kuromicore	Kidcore
Kuromicore	Pastel Goth
Kuromicore	Sanriocore
Kuromicore	Yami Kawaii
La Movida	Alternative
La Movida	Deathrock
La Movida	Goth
La Movida	Grunge
La Movida	Mod
La Movida	New Romantic
La Movida	Pijo
La Movida	Punk
La Movida	Trad Goth
La Sape	Swenkas
La Sape	Metrosexual
La Sape	New Romantic
La Sape	Afrofuturism
La Sape	Dandy
Labcore	Vaporwave
Larme Kei	Babygirl
Larme Kei	Balletcore
Larme Kei	French Girly
Larme Kei	Lovecore
Larme Kei	Nymphet
Larme Kei	Mote Kei
Light Academia	Androgynous
Light Academia	Bohemian
Light Academia	Comfy/Cozy
Light Academia	Cottagecore
Light Academia	Dark Academia
Light Academia	Green Academia
Light Academia	Old Money
Light Academia	Preppy
Light Academia	Romantic Academia
Light Academia	Victorian
Living Doll	Barbiecore
Living Doll	Cyber Doll
Living Doll	Himekaji
Living Doll	Kawaii
Living Doll	Lolita
Living Doll	New Age
Lolita	Boystyle
Lolita	Dollcore
Lolita	Girly Kei
Lolita	Goth
Lolita	Harajuku Fashion
Lolita	Kawaii
Lolita	Living Doll
Lolita	Mori Kei
Lolita	Rococo
Lolita	Romantic Goth
Lolita	Strega
Lolita	Victorian
Lolita	Victorian Goth
Lolita	Visual Kei
Lolita	Yume Kawaii
Lolita	Classic Lolita
Lolita	Gothic Lolita
Lolita	Hime Lolita
Lolita	Sweet Lolita
Lovecore	Angelcore
Lovecore	Devilcore
Lovecore	Larme Kei
Lovecore	Rococo
Lovecore	Romantic Academia
Lunarpunk	Cyberpunk
Lunarpunk	Vaporwave
Madchester	Acid House
Madchester	Grunge
Madchester	Hair Metal
Madchester	Indie
Madchester	New Rave
Madchester	Psychedelia
Magical Girl	Animecore
Magical Girl	Fairy Kei
Magical Girl	Kawaii
Magical Girl	Yume Kawaii
Maillard Style	Dark Academia
Maillard Style	Dopamine
Maillard Style	Grandparentcore
Maillard Style	Grocery Girl Fall
Maillard Style	Old Money
Mall Ninja	Animecore
Mall Ninja	Nerd
Mallgoth	Cybergoth
Mallgoth	E-Girl
Mallgoth	Emo
Mallgoth	Goth
Mallgoth	Metal
Mallgoth	Nu-Goth
Mallgoth	Nu-Metal
Mallgoth	Punk
Mallgoth	Teenpunk
Manba	Coconut Girl
Manba	Gyaru
Manba	Tropical
Mandrake	Gangsta Rap
Mandrake	Paty de SP
Manguebeat	Psychedelia
Marshmallow Girl	Gyaru
Marshmallow Girl	Kawaii
McBling	Baddie
McBling	Barbiecore
McBling	Bubblegum Bitch
McBling	Gyaru
McBling	Indie Sleaze
McBling	Surf Crush
McBling	Trailer Park Princess
McBling	Tweencore
McBling	Y2K
McBling	Boujee
McBling	Hyperpop
McBling	Cherry Emoji Twitter
McBling	Scene
McBling	Tomboy
Medicalcore	Cleancore
Medicalcore	Yami Kawaii
Memphis Lite	Art Deco
Memphis Lite	Vaporwave
Messy French It Girl	French It Girl
Messy French It Girl	Rockstar GF
Messy French It Girl	Downtown Girl
Messy French It Girl	Heroin Chic
Metal	Grunge
Metal	Nu-Metal
Metal	Psychedelia
Metal	Cybersigilism
Metal	Goth
Metal	Opium
Metal	Vampire
Metrosexual	Boujee
Metrosexual	Corporate
Metrosexual	Chic Modernist
Metrosexual	Dandy
Metrosexual	Pijo
Metrosexual	Androgynous
Metrosexual	New Romantic
Metrosexual	Hallyu
Milipili	Basic Girl
Milipili	Cayetana
Milipili	Electropop 08
Milipili	Gen X Soft Club
Milipili	Indie Sleaze
Milipili	Paty de SP
Milipili	Pijo
Milipili	Tweencore
Milipili	VSCO Girl
Milipili	Y2K
Milipili	Y2K Futurism
Minet	Americana
Minet	Androgynous
Minet	Beatnik
Minet	Dandy
Minet	Mod
Minet	Paninaro
Minet	Preppy
Minet	Yé-yé
Mizuiro	Angelcore
Mizuiro	Y2K Futurism
Mizuiro	Dreamy
Mizuiro	Seapunk
Mizuiro	Yume Kawaii
Mob Wife	Boujee
Mob Wife	Clean Girl
Mob Wife	Femme Fatale
Mob Wife	Italian Mafia
Mob Wife	Rockstar GF
Mob Wife	Winter Fairy Coquette
Mod	Americana
Mod	Beatnik
Mod	Dolly Girl
Mod	Greaser
Mod	Hippie
Mod	Hipster
Mod	Minet
Mod	La Movida
Mod	Peacock Revolution
Mod	Poppare
Mod	Teddy Boys
Mod	Yé-yé
Mori Kei	Classic Lolita
Mori Kei	Cottagecore
Mori Kei	Cult Party Kei
Mori Kei	Dolly Kei
Mori Kei	Fairycore
Mori Kei	Fairy Grunge
Mori Kei	Goblincore
Mori Kei	Lolita
Mori Kei	Naturecore
Mori Kei	Strega
Mote Kei	Girly Kei
Mote Kei	Gyaru
Mote Kei	Larme Kei
Naturecore	Adventurecore
Naturecore	Cabincore
Naturecore	Cottagecore
Naturecore	Dark Naturalism
Naturecore	Fairycore
Naturecore	Goblincore
Naturecore	Mori Kei
Naturecore	Plant Mom
Naturecore	Prairie
Nautical	Dark Nautical
Nautical	Pirate
Nautical	Preppy
Nautical	Seapunk
Nautical	Tropical
Nautical	Vacation Dadcore
Nautical	VSCO Girl
Nazi Chic	Bondage
Nazi Chic	Communist Chic
Nazi Chic	Glam Rock
Nazi Chic	Metal
Nazi Chic	Punk
Neko	Animecore
Neko	Sanriocore
Neko	Yume Kawaii
Neo-Chinese Style	Cyberpunk
Neo-Chinese Style	Guochao
Neo-Chinese Style	Too Cool
Neo-Chinese Style	Yabi
Neo-Chinese Style	Y2K
Nerd	Animecore
Nerd	Chaotic Academia
Nerd	Cyberprep
Nerd	Cyberpunk
Nerd	Geek
Nerd	Spacecore
Nerd	Steampunk
New Age	Adventurecore
New Age	Goblincore
New Age	Hippie
New Age	Living Doll
New Age	Naturecore
New Age	Spacecore
New Age	Vaporwave
New Beat	Acid House
New Beat	Gabber
New Beat	Goth
New Beat	Ruta Destroy
New Look	Art Deco
New Look	Old Hollywood
New Look	Old Money
New Look	Power Dressing
New Look	Regency
New Look	Romantic Academia
New Look	Victorian
New Rave	Bloghouse
New Rave	Emo
New Rave	Gabber
New Rave	Indie
New Rave	Indie Sleaze
New Rave	Madchester
New Rave	Psychedelia
New Rave	Punk
New Rave	Scene
New Rave	Tecktonik
New Romantic	Club Kids
New Romantic	Cyberpunk
New Romantic	Deathrock
New Romantic	Glam Rock
New Romantic	Goth
New Romantic	Hallyu
New Romantic	La Movida
New Romantic	Paninaro
New Romantic	Popper
New Romantic	Rococo
New Romantic	Trad Goth
New Romantic	Vaporwave
New Romantic	Visual Kei
No Wave	Punk
No Wave	Goth
No Wave	Trad Goth
Normcore	Eclectic Grandpa
Normcore	Raxet
Normcore	Tenniscore
Normcore	Vacation Dadcore
Normcore	Basic Girl
Northerness	Adventurecore
Northerness	Cabincore
Northerness	Cottagecore
Northerness	Dark Naturalism
Northerness	Naturecore
Northerness	Slavic Doll
Nu-Goth	E-Girl
Nu-Goth	Goth
Nu-Goth	Health Goth
Nu-Goth	Hipster
Nu-Goth	Nu-Metal
Nu-Goth	Pastel Goth
Nu-Goth	Soft Grunge
Nu-Goth	Succubus Chic
Nu-Goth	Trad Goth
Nu-Metal	Alternative
Nu-Metal	Cyber Grunge
Nu-Metal	E-Boy
Nu-Metal	E-Girl
Nu-Metal	Emo
Nu-Metal	Goth
Nu-Metal	Grunge
Nu-Metal	Hair Metal
Nu-Metal	Halloween
Nu-Metal	High School Dream
Nu-Metal	Hip-Hop
Nu-Metal	Juggalo
Nu-Metal	Mallgoth
Nu-Metal	Metal
Nu-Metal	Nu-Goth
Nu-Metal	Punk
Nu-Metal	Rivethead
Nu-Metal	Scene
Nu-Metal	Shibuya Punk
Nu-Metal	Skater
Nu-Metal	Y2K Futurism
Nu-Metal	Y2K
Nu-Punk	Punk
Nuclear	Post-Apocalyptic
Nuclear	Slimepunk
Nuclear	Paramilitary
Nuclear	Atompunk
Nymphet	Babygirl
Nymphet	Chunyu
Nymphet	Coconut Girl
Nymphet	Slavic Doll
Nymphet	Winter Fairy Coquette
Nymphet	Cherry Emoji Twitter
Nymphet	Larme Kei
Nymphet	Kinderwhore
Nymphet	Americana
Nymphet	Nautical
Nymphet	Preppy
Nymphet	Vintage Americana
Office Siren	Corporate
Office Siren	Dark Academia
Office Siren	Femme Fatale
Office Siren	Succubus Chic
Old Hollywood	Art Deco
Old Hollywood	Burlesque
Old Hollywood	Greaser
Old Hollywood	Flapper
Old Hollywood	Femme Fatale
Old Hollywood	New Look
Old Hollywood	Rockabilly
Old Money	Bon Chic, Bon Genre
Old Money	Cayetana
Old Money	Maillard Style
Old Money	New Look
Old Money	Preppy
Old Money	Pijo
Old Money	Tenniscore
Old Money	Dark Academia
Onii Kei	Gyaru
Opium	Devilcore
Opium	Goth
Opium	Metal
Opium	Punk
Opium	Urbancore
Opium	Vampire
Opium	Cyber Grunge
Oshare Kei	Decora
Oshare Kei	Fairy Kei
Oshare Kei	Harajuku Fashion
Oshare Kei	Visual Kei
Oshare Kei	Scene
Ostalgie	Yugo-Nostalgia
Paleocore	Adventurecore
Paleocore	Cryptidcore
Paleocore	Junglecore
Paninaro	Americana
Paninaro	Blokecore
Paninaro	Hypebeast
Paninaro	New Romantic
Paninaro	Popper
Paninaro	Preppy
Paramilitary	Cyberpunk
Paramilitary	Techwear
Pastel Academia	Kawaii
Pastel Academia	Light Academia
Pastel Academia	Lolita
Pastel Academia	Romantic Academia
Pastel Gore	Fairy Kei
Pastel Gore	Furry
Pastel Gore	Gorecore
Pastel Gore	Gurokawa
Pastel Gore	Medicalcore
Pastel Gore	Pastel Goth
Pastel Gore	Yami Kawaii
Pastel Goth	Bohemian
Pastel Goth	Goth
Pastel Goth	Gurokawa
Pastel Goth	Kawaii
Pastel Goth	Lolita
Pastel Goth	Nu-Goth
Pastel Goth	Pastel Grunge
Pastel Goth	Yami Kawaii
Pastel Grunge	Cuddle Party
Pastel Grunge	E-Girl
Pastel Grunge	Grunge
Pastel Grunge	Heroin Chic
Pastel Grunge	Pastel Goth
Pastel Grunge	Seapunk
Pastel Grunge	Soft Grunge
Pastel Grunge	Vaporwave
Pastels	Babycore
Pastels	Bubblegum Witch
Pastels	Fairy Kei
Pastels	Kawaii
Pastels	Lolita
Pastels	Pastel Academia
Pastels	Pastel Gore
Pastels	Pastel Goth
Pastels	Sanriocore
Pastels	Yume Kawaii
Paty de SP	Milipili
Paty de SP	Mandrake
Paty de SP	Bubblegum Bitch
Paty de SP	Baddie
Peacock Revolution	Mod
Peacock Revolution	Hippie
Peacock Revolution	Psychedelia
Peacock Revolution	Beatnik
Peacock Revolution	Skinhead
Peacock Revolution	Greaser
Peacock Revolution	Punk
Peacock Revolution	Hipster
Peacock Revolution	Dolly Girl
Peacock Revolution	Yé-yé
Peacock Revolution	Acid House
Peacock Revolution	Bohemian
Peacock Revolution	Glam Rock
Peacock Revolution	Dandy
Peacock Revolution	Madchester
PEEPS	E-Girl
PEEPS	Goth
PEEPS	Goth Punk
PEEPS	Gyaru
PEEPS	Jirai Kei
PEEPS	Tomboy
PEEPS	Yami Kawaii
Picniccore	Art Hoe
Picniccore	Cottagecore
Picniccore	Fairycore
Picniccore	Grandparentcore
Picniccore	Naturecore
Picniccore	Lovecore
Pijo	Bon Chic, Bon Genre
Pijo	Cayetana
Pijo	Equestrian
Pijo	Nautical
Pijo	Old Money
Pijo	Paninaro
Pijo	Popper
Pijo	Preppy
Pin-up	Atompunk
Pin-up	Burlesque
Pin-up	Femme Fatale
Pin-up	Rockabilly
Pin-up	Stilyagi
Pink Paris Design	French Girly
Pink Paris Design	French It Girl
Pink Paris Design	McBling
Pink Paris Design	Pink Parisian
Pink Paris Design	Scene
Pink Paris Design	Teenpunk
Pink Parisian	Angelcore
Pink Parisian	Bon Chic, Bon Genre
Pink Parisian	Boujee
Pink Parisian	Chic Modernist
Pink Parisian	French Girly
Pink Parisian	Old Hollywood
Pink Parisian	Pink Paris Design
Pink Parisian	Romantic Academia
Pink Pilates Princess	Ballet Academia
Pink Pilates Princess	That Girl
Pirate	Adventurecore
Pirate	Dark Nautical
Pirate	Nautical
Plant Mom	Art Hoe
Plant Mom	Cottagecore
Plant Mom	Naturecore
Plant Mom	VSCO Girl
Pokemón	Animecore
Pokemón	Alternative
Pokemón	Emo
Pokemón	Hip-Hop
Pokemón	Jejemon
Pokemón	Punk
Pokemón	Scene
Pokemón	Shamate
Pokemón	Urbancore
Pokemón	Weeaboo
Poppare	Alternative
Poppare	Decora
Poppare	Emo
Poppare	Fairy Kei
Poppare	Goth
Poppare	Indie
Poppare	Mod
Poppare	Nautical
Poppare	Twee
Popper	New Romantic
Popper	Paninaro
Popper	Preppy
Popper	Teddy Boys
Post-Apocalyptic	Cyberpunk
Power Dressing	Androgynous
Power Dressing	Bon Chic, Bon Genre
Power Dressing	Chic Modernist
Power Dressing	Corporate
Power Dressing	New Look
Power Dressing	Preppy
Prairie	Adventurecore
Prairie	Americana
Prairie	Classic Lolita
Prairie	Cottagecore
Prairie	Hippie
Prairie	Naturecore
Preppy	Bon Chic, Bon Genre
Preppy	Dandy
Preppy	Minet
Preppy	Nautical
Preppy	Paninaro
Preppy	Pijo
Preppy	Popper
Preppy	Power Dressing
Preppy	Sloanie
Preppy	Milipili
Preppy	Tenniscore
Princesscore	Boujee
Princesscore	Dreamy
Princesscore	Ethereal
Princesscore	Hime Lolita
Princesscore	Kingcore
Princesscore	Knightcore
Princesscore	Lolita
Princesscore	Old Money
Princesscore	Queencore
Princesscore	Rococo
Princesscore	Romantic Academia
Princesscore	Royalcore
Psychedelia	Acid House
Psychedelia	Beatnik
Psychedelia	Hippie
Psychedelia	Madchester
Psychedelia	Manguebeat
Psychedelia	Peacock Revolution
Punk	Cyberpunk
Punk	Deathrock
Punk	Emo
Punk	Goth
Punk	Goth Punk
Punk	Grunge
Punk	La Movida
Punk	No Wave
Punk	Nu-Punk
Queencore	Baddie
Queencore	Hime Lolita
Queencore	Kingcore
Queencore	Knightcore
Queencore	Princesscore
Queencore	Royalcore
Racing	Cyberpunk
Racing	Techwear
Racing	Urbancore
Raggare	Americana
Raggare	Greaser
Raggare	Rockabilly
Raggare	Teddy Boys
Raxet	Chav
Raxet	Hip-Hop
Raxet	McBling
Raxet	Urbancore
Regency	Dandy
Regency	Light Academia
Regency	New Look
Regency	Rococo
Regency	Romantic Academia
Regency	Victorian
Rivethead	Berlin Techno Fashion
Rivethead	Bondage
Rivethead	Cybergoth
Rivethead	Cyberpunk
Rivethead	Goth
Rivethead	Punk
Rockabilly	Americana
Rockabilly	Burlesque
Rockabilly	Country
Rockabilly	Greaser
Rockabilly	Old Hollywood
Rockabilly	Pin-up
Rockabilly	Raggare
Rockabilly	Stilyagi
Rockstar GF	Messy French It Girl
Rockstar GF	Downtown Girl
Rockstar GF	Grunge
Rockstar GF	Indie Sleaze
Rockstar GF	Mob Wife
Rococo	Angelcore
Rococo	Baroque
Rococo	Chinoiserie
Rococo	Delicate Sweet
Rococo	Ethereal
Rococo	French Girly
Rococo	Lolita
Rococo	Lovecore
Rococo	Pink Parisian
Rococo	Princesscore
Romantic Academia	Ballet Academia
Romantic Academia	Dark Academia
Romantic Academia	Dreamy
Romantic Academia	Light Academia
Romantic Academia	Lovecore
Romantic Academia	Pink Parisian
Romantic Academia	Strega
Romantic Goth	Goth
Romantic Goth	Gothic Lolita
Romantic Goth	Trad Goth
Romantic Goth	Romantic Academia
Romantic Goth	Strega
Romantic Goth	Victorian
Romantic Goth	Victorian Goth
Royalcore	Baroque
Royalcore	Kingcore
Royalcore	Knightcore
Royalcore	Princesscore
Royalcore	Queencore
Royalcore	Rococo
Royalcore	Spanish Golden Age
Rustic	Americana
Rustic	Cottagecore
Rustic	Country
Rustic	Grunge
Rustic	Naturecore
Rustic	Prairie
Rustic	Safari
Rustic	Western
Ruta Destroy	Acid House
Ruta Destroy	Club
Ruta Destroy	Gabber
Ruta Destroy	La Movida
Ruta Destroy	New Beat
Sadbois and Sadgirls	Dead Inside
Sadbois and Sadgirls	Devilcore
Sadbois and Sadgirls	E-Boy
Sadbois and Sadgirls	E-Girl
Sadbois and Sadgirls	Emo
Sadbois and Sadgirls	Grunge
Sadbois and Sadgirls	Vaporwave
Safari	Adventurecore
Safari	Bohemian
Safari	Desert
Safari	Rustic
Safari	Tropical
Sanriocore	Kawaii
Sanriocore	Animecore
Sanriocore	Babycore
Sanriocore	Kidcore
Sanriocore	Pastel Goth
Sanriocore	Kuromicore
Scandi Girl Winter	Basic Girl
Scandi Girl Winter	Clean Girl
Scandi Girl Winter	Northerness
Scandi Girl Winter	Old Money
Scandi Girl Winter	Tomato Girl Summer
Scene	Emo
Scene	Fashioncore
Scene	Hipster
Scene	Jejemon
Scene	Kandi Raver
Scene	Nerd
Scene	New Rave
Scene	Pokemón
Scene	Shamate
Scene	Teenpunk
Scene	Tecktonik
Seapunk	Cyberpunk
Seapunk	Y2K Futurism
Seapunk	Hip-Hop
Seapunk	Holosexual
Seapunk	Hyperpop
Seapunk	Nautical
Seapunk	Pastel Grunge
Seapunk	Slimepunk
Seapunk	Tropical
Seapunk	Vaporwave
Shamate	Emo
Shamate	Goth
Shamate	Jejemon
Shamate	Pokemón
Shamate	Punk
Shamate	Scene
Shamate	Too Cool
Shamate	Visual Kei
Shamate	Yabi
Shibuya Punk	Bubblegum Dance
Shibuya Punk	Gabber
Shibuya Punk	Hip-Hop
Shibuya Punk	Indie
Shibuya Punk	Nu-Metal
Shibuya Punk	Psychedelia
Shibuya Punk	Punk
Shibuya Punk	Yé-yé
Shibuya Punk	Animecore
Shibuya Punk	Cyberpop
Shibuya Punk	Cyberpunk
Shibuya Punk	Electropop 08
Shibuya Punk	Gen X Soft Club
Shibuya Punk	Gyaru
Shibuya Punk	Harajuku Fashion
Shibuya Punk	Psychedelia
Shibuya Punk	Scene
Shibuya Punk	Skater
Shibuya Punk	Urbancore
Shibuya Punk	Y2K Futurism
Skater	Alternative
Skater	Grunge
Skater	Hip-Hop
Skater	Nu-Metal
Skater	Punk
Skater	Shibuya Punk
Skater	Teenpunk
Skater	Urbancore
Skinhead	Gabber
Skinhead	Mod
Skinhead	Punk
Skinhead	Teddy Boys
Slavic Doll	Brazilian Bombshell
Slavic Doll	Clean Girl
Slavic Doll	French It Girl
Slavic Doll	Heroin Chic
Slavic Doll	Northerness
Slavic Doll	Nymphet
Slavic Doll	Succubus Chic
Slavic Doll	That Girl
Slavic Doll	Winter Fairy Coquette
Slavic Doll	Y2K
Slimepunk	Acid House
Slimepunk	Cleancore
Slimepunk	Y2K Futurism
Slimepunk	Goblincore
Slimepunk	Mallgoth
Slimepunk	Seapunk
Slimepunk	Vaporwave
Sloanie	Bon Chic, Bon Genre
Sloanie	Dark Academia
Sloanie	Old Money
Sloanie	Light Academia
Sloanie	Power Dressing
Sloanie	Preppy
Slutcore	Baddie
Slutcore	Bubblegum Bitch
Slutcore	Boujee
Slutcore	Babygirl
Slutcore	Pin-up
Soft Grunge	E-Boy
Soft Grunge	E-Girl
Soft Grunge	Grunge
Soft Grunge	Pastel Grunge
Soft Grunge	Vaporwave
Soft Grunge	Weeaboo
Soft Grunge	Indie Sleaze
Soft Grunge	Health Goth
Soft Grunge	Skater
Southern Belle	Old Money
Southern Belle	Preppy
Spacecore	New Age
Spanish Golden Age	Baroque
Spanish Golden Age	Royalcore
Stargirl	Y2K
Stargirl	Cyber Grunge
Stargirl	Rockstar GF
Steampunk	Cyberpunk
Steampunk	Dark Academia
Steampunk	Decopunk
Steampunk	Dieselpunk
Steampunk	Electro Swing
Steampunk	Goth
Steampunk	Hip-Hop
Steampunk	Lolita
Steampunk	New Romantic
Steampunk	Post-Apocalyptic
Steampunk	Punk
Steampunk	Rivethead
Steampunk	Romantic Goth
Steampunk	Victorian
Steampunk	Victorian Goth
Steampunk	Western
Stilyagi	Americana
Stilyagi	Beatnik
Stilyagi	Bohemian
Stilyagi	Dandy
Stilyagi	Hipster
Stilyagi	Pachuco
Stilyagi	Pin-up
Stilyagi	Rockabilly
Strega	Dark Fantasy
Strega	Cottagecore
Strega	Goth
Strega	Goblincore
Strega	Gothic Lolita
Strega	Mori Kei
Strega	Romantic Goth
Succubus Chic	Androgynous
Succubus Chic	Bondage
Succubus Chic	Clean Girl
Succubus Chic	Devilcore
Succubus Chic	E-Girl
Succubus Chic	Femme Fatale
Succubus Chic	Goth
Succubus Chic	Heroin Chic
Succubus Chic	Indie Sleaze
Succubus Chic	Nu-Goth
Succubus Chic	Office Siren
Succubus Chic	Slavic Doll
Succubus Chic	Vampire
Sukeban	Baddie
Sukeban	Bosozoku
Sukeban	Gyaru
Sukeban	Yanki
Surf Crush	Art Hoe
Surf Crush	Coconut Girl
Surf Crush	McBling
Surf Crush	Tiki
Swag	Hip-Hop
Swag	Hypebeast
Swag	Urbancore
Swag	Baddie
Swag	Scene
Swag	Jejemon
Swag	Bleak Crush
Sweet Lolita	Cult Party Kei
Sweet Lolita	Delicate Sweet
Sweet Lolita	Fairy Kei
Sweet Lolita	Hime Lolita
Sweet Lolita	Lolita
Sweet Lolita	Yume Kawaii
Swenkas	Dandy
Swenkas	La Sape
Takenokozoku	Gyaru
Techwear	Berlin Techno Fashion
Techwear	Cybergoth
Techwear	Cyberpunk
Techwear	Girl Crush
Techwear	Gorpcore
Techwear	Hypebeast
Techwear	Mallgoth
Techwear	Racing
Techwear	Urbancore
Tecktonik	Bloghouse
Tecktonik	Cybergoth
Tecktonik	Emo
Tecktonik	Electropop 08
Tecktonik	Hip-Hop
Tecktonik	Krocha
Tecktonik	Punk
Tecktonik	Scene
Teddy Boys	Androgynous
Teddy Boys	Minet
Teddy Boys	Mod
Teddy Boys	New Romantic
Teddy Boys	Popper
Teddy Boys	Raggare
Teddy Boys	Stilyagi
Teenpunk	Emo
Teenpunk	Mallgoth
Teenpunk	Pink Paris Design
Teenpunk	Punk
Teenpunk	Scene
Teenpunk	Skater
Teenpunk	Tweencore
Teenpunk	Y2K
Tenniscore	Balletcore
Tenniscore	Barbiecore
Tenniscore	Blokecore
Tenniscore	Normcore
Tenniscore	Old Money
Tenniscore	Preppy
That Girl	Baddie
That Girl	Nymphet
That Girl	Slavic Doll
Tiki	Americana
Tiki	Tropical
Tiki	Vacation Dadcore
TikTok Preppy	Preppy
TikTok Preppy	Coconut Girl
TikTok Preppy	Clean Girl
TikTok Preppy	That Girl
TikTok Preppy	Baddie
TikTok Preppy	VSCO Girl
Tomato Girl Summer	Cherry Emoji Twitter
Tomato Girl Summer	Picniccore
Tomato Girl Summer	Tropical
Tomboy	Adventurecore
Tomboy	Baddie
Tomboy	Country
Tomboy	Girl Crush
Tomboy	Grunge
Tomboy	Metal
Tomboy	Nerd
Tomboy	PEEPS
Tomboy	Rivethead
Tomboy	Shibuya Punk
Tomboy	Skater
Tomboy	Teenpunk
Too Cool	Cottagecore
Too Cool	Harajuku Fashion
Too Cool	Shamate
Too Cool	Y2K Futurism
Too Cool	Yabi
Trad Goth	Goth
Trad Goth	Punk
Trad Goth	Deathrock
Trad Goth	New Romantic
Trad Goth	La Movida
Trad Goth	Punk
Trad Goth	Strega
Trad Goth	Romantic Goth
Trad Goth	Glam Rock
Trad Goth	No Wave
Trad Goth	Nu-Goth
Trailer Park Princess	Americana
Trailer Park Princess	Kinderwhore
Trailer Park Princess	Nymphet
Trinketcore	Cozy Childhood Hideaway
Trinketcore	Grocery Girl Fall
Trinketcore	Twee
Tropical	Bohemian
Tropical	Brazilian Bombshell
Tropical	Nautical
Tropical	Pirate
Tropical	Safari
Tropical	Seapunk
Tropical	Surf Crush
Tropical	Tomato Girl Summer
Tropical	Vacation Dadcore
Tudor	Baroque
Twee	Art Hoe
Twee	Dolly Girl
Twee	Hipster
Twee	Indie
Twee	Poppare
Twee	Whimsy Twee
Tweencore	Animecore
Tweencore	Barbiecore
Tweencore	Coconut Girl
Tweencore	High School Dream
Tweencore	Kidcore
Tweencore	McBling
Tweencore	Milipili
Tweencore	Scene
Tweencore	Teenpunk
Twilightcore	Dark Naturalism
Twilightcore	Fairy Grunge
Twilightcore	Fantasy
Twilightcore	FantasY2K
Twilightcore	Female Horror Game Protagonist Fashion
Twilightcore	Vampire
Urban Fantasy	Fantasy
Urban Fantasy	FantasY2K
Urban Fantasy	Urbancore
Urban Fantasy	Vampire
Urbancore	Grunge
Urbancore	Hip-Hop
Urbancore	Punk
Urbancore	Art Hoe
Urbancore	Baddie
Urbancore	Boujee
Urbancore	Hypebeast
Urbancore	Shibuya Punk
Urbancore	Skater
Urbancore	Techwear
Urbancore	Urban Fantasy
Vacation Dadcore	Tropical
Vacation Dadcore	Vaporwave
Vacation Dadcore	Arcadecore
Vacation Dadcore	Tiki
Vampire	Devilcore
Vampire	Goth
Vampire	Opium
Vampire	Romantic Goth
Vampire	Victorian
Vampire	Victorian Goth
Vaporwave	Avant Basic
Vaporwave	Cleancore
Vaporwave	Cyberpunk
Vaporwave	Dopamine
Vaporwave	Dreamy
Vaporwave	Hellenic
Vaporwave	Holosexual
Vaporwave	New Age
Vaporwave	New Romantic
Vaporwave	Pastel Grunge
Vaporwave	Seapunk
Vaporwave	Slimepunk
Vaporwave	Y2K Futurism
Victorian Goth	Goth
Victorian Goth	Victorian
Victorian Goth	Romantic Goth
Victorian	Burlesque
Victorian	Classic Lolita
Victorian	Dandy
Victorian	Dark Academia
Victorian	Lolita
Victorian	New Look
Victorian	Rococo
Victorian	Spanish Golden Age
Victorian	Steampunk
Victorian	Victorian Goth
Vintage Americana	Americana
Vintage Americana	Nymphet
Vintage Americana	Trailer Park Princess
Visual Kei	Deathrock
Visual Kei	Glam Rock
Visual Kei	Goth
Visual Kei	Goth Punk
Visual Kei	Hair Metal
Visual Kei	Oshare Kei
Visual Kei	Punk
Visual Kei	New Romantic
Visual Kei	Yabi
VSCO Girl	Art Hoe
VSCO Girl	Basic Girl
VSCO Girl	E-Girl
VSCO Girl	Granola
VSCO Girl	Plant Mom
VSCO Girl	TikTok Preppy
Weeaboo	Animecore
Weeaboo	E-Boy
Weeaboo	E-Girl
Weeaboo	Furry
Weeaboo	Kawaii
Weeaboo	Mall Ninja
Weeaboo	Neko
Weeaboo	Sanriocore
Weeaboo	Tweencore
Western	Americana
Western	Cottagecore
Western	Country
Western	Desert
Western	Prairie
Whimsy Twee	Bohemian
Whimsy Twee	Dolly Girl
Whimsy Twee	Kidcore
Whimsy Twee	Mod
Whimsy Twee	Mori Kei
Whimsy Twee	Trinketcore
Whimsy Twee	Twee
Winter Fairy Coquette	Avant Apocalypse
Winter Fairy Coquette	Comfy/Cozy
Winter Fairy Coquette	Communist Chic
Winter Fairy Coquette	Delicate Sweet
Winter Fairy Coquette	Fairy Grunge
Winter Fairy Coquette	Nymphet
Winter Fairy Coquette	Slavic Doll
Wizardcore	Cabincore
Wizardcore	Chaotic Academia
Wizardcore	Dark Academia
Wizardcore	Fantasy
Wizardcore	Fantasy Astronomy
Wizardcore	Goblincore
Wizardcore	Light Academia
Wizardcore	Naturecore
Y2K Futurism	Gen X Soft Club
Y2K Futurism	Bubblegum Dance
Y2K Futurism	Cyber Grunge
Y2K Futurism	Cyberpop
Y2K Futurism	Cyberprep
Y2K Futurism	Cyberpunk
Y2K Futurism	Cybersigilism
Y2K Futurism	Nu-Metal
Y2K Futurism	Seapunk
Y2K Futurism	Shibuya Punk
Y2K Futurism	Slimepunk
Y2K Futurism	Vaporwave
Y2K Futurism	Y2K
Y2K	Barbiecore
Y2K	Bubblegum Dance
Y2K	Y2K Futurism
Y2K	Cyber Grunge
Y2K	Emo
Y2K	FantasY2K
Y2K	Gen X Soft Club
Y2K	McBling
Y2K	Memphis Lite
Y2K	Scene
Y2K	Shibuya Punk
Y2K	Slavic Doll
Y2K	Surf Crush
Y2K	Twilightcore
Y2K	Vaporwave
Yabi	Asian Baby Girl
Yabi	Cybergoth
Yabi	Decora
Yabi	E-Girl
Yabi	Emo
Yabi	Gyaru
Yabi	Hippie
Yabi	Hipster
Yabi	Kogal
Yabi	Neo-Chinese Style
Yabi	Punk
Yabi	Scene
Yabi	Shamate
Yabi	Too Cool
Yabi	Visual Kei
Yabi	Y2K Futurism
Yakuza	Italian Mafia
Yami Kawaii	Animecore
Yami Kawaii	Harajuku Fashion
Yami Kawaii	Jirai Kei
Yami Kawaii	Kuromicore
Yami Kawaii	Medicalcore
Yami Kawaii	Pastel Goth
Yami Kawaii	PEEPS
Yami Kawaii	Yume Kawaii
Yanki	Bosozoku
Yanki	Sukeban
Yanki	Gyaru
Yanki	Greaser
Yanki	Yakuza
Yugo-Nostalgia	Ostalgie
Yume Kawaii	Animecore
Yume Kawaii	Babycore
Yume Kawaii	Decora
Yume Kawaii	Dreamy
Yume Kawaii	Fairy Kei
Yume Kawaii	Harajuku Fashion
Yume Kawaii	Kawaii
Yume Kawaii	Mizuiro
Yume Kawaii	Yami Kawaii
